{
	"name": "pathfinder1-style",
	"title": "Pathfinder 1 - Dark-Style Addon",
	"description": "Adds styling to the pathfinder 1 system",
	"version": "1.0",
	"author": "Handyfon#8390",
	"styles": ["css/darkpath.css"],
	 "socket": true,
    "url": "https://github.com/Handyfon/pathfinder1-darkstyle",
    "manifest": "https://raw.githubusercontent.com/Handyfon/pathfinder1-darkstyle/master/module.json",
    "download": "https://github.com/Handyfon/pathfinder1-darkstyle/raw/master/pathfinder1-style.zip",
	"minimumCoreVersion": "0.5.5",
	"compatibleCoreVersion": "0.5.5"
}
